{
    "licenses": [
        {
            "license_key": "RIMON-2580",
            "expires": "2027-01-20",
            "max_devices": 1,
            "devices": [],
            "blocked": false,
            "used": 0
        },
        {
            "license_key": "RD-1234",
            "expire": "2027-01-01",
            "max_devices": 1,
            "devices": [],
            "blocked": false,
            "used": 0
        },
        {
            "license_key": "RD-234",
            "expire": "2027-10-01",
            "max_devices": 1,
            "devices": [],
            "blocked": false,
            "used": 0
        }
    ]
}